"article_name","year","yrwk_start","yrwk_end","month","week","sales","category_1","category_2","promo_01","promo_02","promo_03","promo_04","promo_05"
"1","M-CLAS JOG. VANILLE 200G",2016,"2016-01-04","2016-01-10",1,1,5421,"KLASSISCHE JOGHURT","JOGHURT STANDARD",0,0,0,0,0
"2","M-CLAS JOG. VANILLE 200G",2016,"2016-01-11","2016-01-17",1,2,5126,"KLASSISCHE JOGHURT","JOGHURT STANDARD",0,0,0,0,0
"3","M-CLAS JOG. VANILLE 200G",2016,"2016-01-18","2016-01-24",1,3,5165,"KLASSISCHE JOGHURT","JOGHURT STANDARD",0,0,0,0,0
"4","M-CLAS JOG. VANILLE 200G",2016,"2016-01-25","2016-01-31",1,4,3711,"KLASSISCHE JOGHURT","JOGHURT STANDARD",0,0,0,0,0
"5","M-CLAS JOG. VANILLE 200G",2016,"2016-02-01","2016-02-07",2,5,3976,"KLASSISCHE JOGHURT","JOGHURT STANDARD",0,0,0,0,0
"6","M-CLAS JOG. VANILLE 200G",2016,"2016-02-08","2016-02-14",2,6,4962,"KLASSISCHE JOGHURT","JOGHURT STANDARD",0,0,0,0,0
"7","M-CLAS JOG. VANILLE 200G",2016,"2016-02-15","2016-02-21",2,7,5237,"KLASSISCHE JOGHURT","JOGHURT STANDARD",0,0,0,0,0
"8","M-CLAS JOG. VANILLE 200G",2016,"2016-02-22","2016-02-28",2,8,3762,"KLASSISCHE JOGHURT","JOGHURT STANDARD",1,0,0,0,0
"9","M-CLAS JOG. VANILLE 200G",2016,"2016-02-29","2016-03-06",3,9,4700,"KLASSISCHE JOGHURT","JOGHURT STANDARD",0,0,0,0,0
"10","M-CLAS JOG. VANILLE 200G",2016,"2016-03-07","2016-03-13",3,10,5274,"KLASSISCHE JOGHURT","JOGHURT STANDARD",0,0,0,0,0
"11","M-CLAS JOG. VANILLE 200G",2016,"2016-03-14","2016-03-20",3,11,5409,"KLASSISCHE JOGHURT","JOGHURT STANDARD",0,0,0,0,0
"12","M-CLAS JOG. VANILLE 200G",2016,"2016-03-21","2016-03-27",3,12,4107,"KLASSISCHE JOGHURT","JOGHURT STANDARD",0,0,0,0,0
"13","M-CLAS JOG. VANILLE 200G",2016,"2016-03-28","2016-04-03",3,13,4008,"KLASSISCHE JOGHURT","JOGHURT STANDARD",0,0,0,0,0
"14","M-CLAS JOG. VANILLE 200G",2016,"2016-04-04","2016-04-10",4,14,5100,"KLASSISCHE JOGHURT","JOGHURT STANDARD",0,0,0,0,0
"15","M-CLAS JOG. VANILLE 200G",2016,"2016-04-11","2016-04-17",4,15,5337,"KLASSISCHE JOGHURT","JOGHURT STANDARD",0,0,0,0,0
"16","M-CLAS JOG. VANILLE 200G",2016,"2016-04-18","2016-04-24",4,16,3800,"KLASSISCHE JOGHURT","JOGHURT STANDARD",0,0,0,0,0
"17","M-CLAS JOG. VANILLE 200G",2016,"2016-04-25","2016-05-01",4,17,4720,"KLASSISCHE JOGHURT","JOGHURT STANDARD",1,0,1,0,0
"18","M-CLAS JOG. VANILLE 200G",2016,"2016-05-02","2016-05-08",5,18,5086,"KLASSISCHE JOGHURT","JOGHURT STANDARD",0,0,0,0,0
"19","M-CLAS JOG. VANILLE 200G",2016,"2016-05-09","2016-05-15",5,19,6156,"KLASSISCHE JOGHURT","JOGHURT STANDARD",0,0,0,0,0
"20","M-CLAS JOG. VANILLE 200G",2016,"2016-05-16","2016-05-22",5,20,5270,"KLASSISCHE JOGHURT","JOGHURT STANDARD",0,0,0,0,0
"21","M-CLAS JOG. VANILLE 200G",2016,"2016-05-23","2016-05-29",5,21,5463,"KLASSISCHE JOGHURT","JOGHURT STANDARD",0,0,0,0,0
"22","M-CLAS JOG. VANILLE 200G",2016,"2016-05-30","2016-06-05",6,22,5807,"KLASSISCHE JOGHURT","JOGHURT STANDARD",0,0,0,0,0
"23","M-CLAS JOG. VANILLE 200G",2016,"2016-06-06","2016-06-12",6,23,5561,"KLASSISCHE JOGHURT","JOGHURT STANDARD",0,0,0,0,0
"24","M-CLAS JOG. VANILLE 200G",2016,"2016-06-13","2016-06-19",6,24,5569,"KLASSISCHE JOGHURT","JOGHURT STANDARD",0,0,1,0,0
"25","M-CLAS JOG. VANILLE 200G",2016,"2016-06-20","2016-06-26",6,25,5500,"KLASSISCHE JOGHURT","JOGHURT STANDARD",0,0,0,0,0
"26","M-CLAS JOG. VANILLE 200G",2016,"2016-06-27","2016-07-03",6,26,5360,"KLASSISCHE JOGHURT","JOGHURT STANDARD",0,0,0,0,0
"27","M-CLAS JOG. VANILLE 200G",2016,"2016-07-04","2016-07-10",7,27,4753,"KLASSISCHE JOGHURT","JOGHURT STANDARD",0,0,0,0,0
"28","M-CLAS JOG. VANILLE 200G",2016,"2016-07-11","2016-07-17",7,28,3309,"KLASSISCHE JOGHURT","JOGHURT STANDARD",0,0,0,0,0
"29","M-CLAS JOG. VANILLE 200G",2016,"2016-07-18","2016-07-24",7,29,3439,"KLASSISCHE JOGHURT","JOGHURT STANDARD",0,0,0,0,0
"30","M-CLAS JOG. VANILLE 200G",2016,"2016-07-25","2016-07-31",7,30,4189,"KLASSISCHE JOGHURT","JOGHURT STANDARD",0,0,0,0,0
"31","M-CLAS JOG. VANILLE 200G",2016,"2016-08-01","2016-08-07",8,31,4339,"KLASSISCHE JOGHURT","JOGHURT STANDARD",0,0,0,0,0
"32","M-CLAS JOG. VANILLE 200G",2016,"2016-08-08","2016-08-14",8,32,4768,"KLASSISCHE JOGHURT","JOGHURT STANDARD",0,0,0,0,0
"33","M-CLAS JOG. VANILLE 200G",2016,"2016-08-15","2016-08-21",8,33,5006,"KLASSISCHE JOGHURT","JOGHURT STANDARD",0,0,0,0,0
"34","M-CLAS JOG. VANILLE 200G",2016,"2016-08-22","2016-08-28",8,34,3736,"KLASSISCHE JOGHURT","JOGHURT STANDARD",1,0,0,0,0
"35","M-CLAS JOG. VANILLE 200G",2016,"2016-08-29","2016-09-04",9,35,4334,"KLASSISCHE JOGHURT","JOGHURT STANDARD",1,0,0,0,0
"36","M-CLAS JOG. VANILLE 200G",2016,"2016-09-05","2016-09-11",9,36,4773,"KLASSISCHE JOGHURT","JOGHURT STANDARD",0,0,0,0,0
"37","M-CLAS JOG. VANILLE 200G",2016,"2016-09-12","2016-09-18",9,37,4934,"KLASSISCHE JOGHURT","JOGHURT STANDARD",0,0,0,0,0
"38","M-CLAS JOG. VANILLE 200G",2016,"2016-09-19","2016-09-25",9,38,5063,"KLASSISCHE JOGHURT","JOGHURT STANDARD",0,0,0,0,0
"39","M-CLAS JOG. VANILLE 200G",2016,"2016-09-26","2016-10-02",9,39,4984,"KLASSISCHE JOGHURT","JOGHURT STANDARD",0,0,0,0,0
"40","M-CLAS JOG. VANILLE 200G",2016,"2016-10-03","2016-10-09",10,40,4532,"KLASSISCHE JOGHURT","JOGHURT STANDARD",0,0,0,0,0
"41","M-CLAS JOG. VANILLE 200G",2016,"2016-10-10","2016-10-16",10,41,4593,"KLASSISCHE JOGHURT","JOGHURT STANDARD",0,0,0,0,0
"42","M-CLAS JOG. VANILLE 200G",2016,"2016-10-17","2016-10-23",10,42,4860,"KLASSISCHE JOGHURT","JOGHURT STANDARD",1,0,1,0,0
"43","M-CLAS JOG. VANILLE 200G",2016,"2016-10-24","2016-10-30",10,43,3568,"KLASSISCHE JOGHURT","JOGHURT STANDARD",1,0,0,0,0
"44","M-CLAS JOG. VANILLE 200G",2016,"2016-10-31","2016-11-06",11,44,3970,"KLASSISCHE JOGHURT","JOGHURT STANDARD",1,0,0,0,0
"45","M-CLAS JOG. VANILLE 200G",2016,"2016-11-07","2016-11-13",11,45,4663,"KLASSISCHE JOGHURT","JOGHURT STANDARD",0,0,0,0,0
"46","M-CLAS JOG. VANILLE 200G",2016,"2016-11-14","2016-11-20",11,46,4662,"KLASSISCHE JOGHURT","JOGHURT STANDARD",1,0,0,0,0
"47","M-CLAS JOG. VANILLE 200G",2016,"2016-11-21","2016-11-27",11,47,4855,"KLASSISCHE JOGHURT","JOGHURT STANDARD",1,0,1,0,0
"48","M-CLAS JOG. VANILLE 200G",2016,"2016-11-28","2016-12-04",12,48,3469,"KLASSISCHE JOGHURT","JOGHURT STANDARD",0,0,1,0,0
"49","M-CLAS JOG. VANILLE 200G",2016,"2016-12-05","2016-12-11",12,49,3295,"KLASSISCHE JOGHURT","JOGHURT STANDARD",1,0,1,0,0
"50","M-CLAS JOG. VANILLE 200G",2016,"2016-12-12","2016-12-18",12,50,3955,"KLASSISCHE JOGHURT","JOGHURT STANDARD",0,0,0,0,0
"51","M-CLAS JOG. VANILLE 200G",2016,"2016-12-19","2016-12-25",12,51,4505,"KLASSISCHE JOGHURT","JOGHURT STANDARD",0,0,0,0,0
"52","M-CLAS JOG. VANILLE 200G",2016,"2016-12-26","2017-01-01",12,52,3408,"KLASSISCHE JOGHURT","JOGHURT STANDARD",0,0,0,0,0
"53","M-CLAS JOG. VANILLE 200G",2017,"2017-01-02","2017-01-08",1,1,4382,"KLASSISCHE JOGHURT","JOGHURT STANDARD",1,0,0,0,0
"54","M-CLAS JOG. VANILLE 200G",2017,"2017-01-09","2017-01-15",1,2,4931,"KLASSISCHE JOGHURT","JOGHURT STANDARD",0,0,0,0,0
"55","M-CLAS JOG. VANILLE 200G",2017,"2017-01-16","2017-01-22",1,3,4701,"KLASSISCHE JOGHURT","JOGHURT STANDARD",0,0,0,0,0
"56","M-CLAS JOG. VANILLE 200G",2017,"2017-01-23","2017-01-29",1,4,4786,"KLASSISCHE JOGHURT","JOGHURT STANDARD",0,0,0,0,0
"57","M-CLAS JOG. VANILLE 200G",2017,"2017-01-30","2017-02-05",2,5,3548,"KLASSISCHE JOGHURT","JOGHURT STANDARD",0,0,0,0,0
"58","M-CLAS JOG. VANILLE 200G",2017,"2017-02-06","2017-02-12",2,6,3963,"KLASSISCHE JOGHURT","JOGHURT STANDARD",0,0,0,0,0
"59","M-CLAS JOG. VANILLE 200G",2017,"2017-02-13","2017-02-19",2,7,4359,"KLASSISCHE JOGHURT","JOGHURT STANDARD",0,0,0,0,0
"60","M-CLAS JOG. VANILLE 200G",2017,"2017-02-20","2017-02-26",2,8,4451,"KLASSISCHE JOGHURT","JOGHURT STANDARD",0,0,0,0,0
"61","M-CLAS JOG. VANILLE 200G",2017,"2017-02-27","2017-03-05",3,9,5048,"KLASSISCHE JOGHURT","JOGHURT STANDARD",0,0,0,0,0
"62","M-CLAS JOG. VANILLE 200G",2017,"2017-03-06","2017-03-12",3,10,5098,"KLASSISCHE JOGHURT","JOGHURT STANDARD",0,0,0,0,0
"63","M-CLAS JOG. VANILLE 200G",2017,"2017-03-13","2017-03-19",3,11,3695,"KLASSISCHE JOGHURT","JOGHURT STANDARD",0,0,0,0,0
"64","M-CLAS JOG. VANILLE 200G",2017,"2017-03-20","2017-03-26",3,12,4339,"KLASSISCHE JOGHURT","JOGHURT STANDARD",1,0,0,0,0
"65","M-CLAS JOG. VANILLE 200G",2017,"2017-03-27","2017-04-02",3,13,4776,"KLASSISCHE JOGHURT","JOGHURT STANDARD",0,0,0,0,0
"66","M-CLAS JOG. VANILLE 200G",2017,"2017-04-03","2017-04-09",4,14,5114,"KLASSISCHE JOGHURT","JOGHURT STANDARD",0,0,0,0,0
"67","M-CLAS JOG. VANILLE 200G",2017,"2017-04-10","2017-04-16",4,15,4933,"KLASSISCHE JOGHURT","JOGHURT STANDARD",0,0,0,0,0
"68","M-CLAS JOG. VANILLE 200G",2017,"2017-04-17","2017-04-23",4,16,4098,"KLASSISCHE JOGHURT","JOGHURT STANDARD",0,0,0,0,0
"69","M-CLAS JOG. VANILLE 200G",2017,"2017-04-24","2017-04-30",4,17,4527,"KLASSISCHE JOGHURT","JOGHURT STANDARD",0,0,0,0,0
"70","M-CLAS JOG. VANILLE 200G",2017,"2017-05-01","2017-05-07",5,18,4916,"KLASSISCHE JOGHURT","JOGHURT STANDARD",0,0,0,0,0
"71","M-CLAS JOG. VANILLE 200G",2017,"2017-05-08","2017-05-14",5,19,5058,"KLASSISCHE JOGHURT","JOGHURT STANDARD",0,0,0,0,0
"72","M-CLAS JOG. VANILLE 200G",2017,"2017-05-15","2017-05-21",5,20,3462,"KLASSISCHE JOGHURT","JOGHURT STANDARD",0,0,0,0,0
"73","M-CLAS JOG. VANILLE 200G",2017,"2017-05-22","2017-05-28",5,21,3451,"KLASSISCHE JOGHURT","JOGHURT STANDARD",0,0,0,0,0
"74","M-CLAS JOG. VANILLE 200G",2017,"2017-05-29","2017-06-04",6,22,4816,"KLASSISCHE JOGHURT","JOGHURT STANDARD",0,0,0,0,0
"75","M-CLAS JOG. VANILLE 200G",2017,"2017-06-05","2017-06-11",6,23,4267,"KLASSISCHE JOGHURT","JOGHURT STANDARD",0,0,0,0,0
"76","M-CLAS JOG. VANILLE 200G",2017,"2017-06-12","2017-06-18",6,24,4307,"KLASSISCHE JOGHURT","JOGHURT STANDARD",0,0,0,0,0
"77","M-CLAS JOG. VANILLE 200G",2017,"2017-06-19","2017-06-25",6,25,4728,"KLASSISCHE JOGHURT","JOGHURT STANDARD",1,0,0,0,0
"78","M-CLAS JOG. VANILLE 200G",2017,"2017-06-26","2017-07-02",6,26,4564,"KLASSISCHE JOGHURT","JOGHURT STANDARD",0,0,0,0,0
"79","M-CLAS JOG. VANILLE 200G",2017,"2017-07-03","2017-07-09",7,27,4242,"KLASSISCHE JOGHURT","JOGHURT STANDARD",0,0,0,0,0
"80","M-CLAS JOG. VANILLE 200G",2017,"2017-07-10","2017-07-16",7,28,3880,"KLASSISCHE JOGHURT","JOGHURT STANDARD",0,0,0,0,0
"81","M-CLAS JOG. VANILLE 200G",2017,"2017-07-17","2017-07-23",7,29,2846,"KLASSISCHE JOGHURT","JOGHURT STANDARD",0,0,0,0,0
"82","M-CLAS JOG. VANILLE 200G",2017,"2017-07-24","2017-07-30",7,30,2995,"KLASSISCHE JOGHURT","JOGHURT STANDARD",0,0,0,0,0
"83","M-CLAS JOG. VANILLE 200G",2017,"2017-07-31","2017-08-06",8,31,3679,"KLASSISCHE JOGHURT","JOGHURT STANDARD",0,0,0,0,0
"84","M-CLAS JOG. VANILLE 200G",2017,"2017-08-07","2017-08-13",8,32,4450,"KLASSISCHE JOGHURT","JOGHURT STANDARD",0,0,0,0,0
"85","M-CLAS JOG. VANILLE 200G",2017,"2017-08-14","2017-08-20",8,33,4376,"KLASSISCHE JOGHURT","JOGHURT STANDARD",0,0,0,0,0
"86","M-CLAS JOG. VANILLE 200G",2017,"2017-08-21","2017-08-27",8,34,4521,"KLASSISCHE JOGHURT","JOGHURT STANDARD",0,0,0,0,0
"87","M-CLAS JOG. VANILLE 200G",2017,"2017-08-28","2017-09-03",8,35,4750,"KLASSISCHE JOGHURT","JOGHURT STANDARD",0,0,0,0,0
"88","M-CLAS JOG. VANILLE 200G",2017,"2017-09-04","2017-09-10",9,36,4556,"KLASSISCHE JOGHURT","JOGHURT STANDARD",1,0,0,0,0
"89","M-CLAS JOG. VANILLE 200G",2017,"2017-09-11","2017-09-17",9,37,3137,"KLASSISCHE JOGHURT","JOGHURT STANDARD",0,0,0,0,0
"90","M-CLAS JOG. VANILLE 200G",2017,"2017-09-18","2017-09-24",9,38,3432,"KLASSISCHE JOGHURT","JOGHURT STANDARD",0,0,0,0,0
"91","M-CLAS JOG. VANILLE 200G",2017,"2017-09-25","2017-10-01",9,39,4057,"KLASSISCHE JOGHURT","JOGHURT STANDARD",0,0,0,0,0
"92","M-CLAS JOG. VANILLE 200G",2017,"2017-10-02","2017-10-08",10,40,3928,"KLASSISCHE JOGHURT","JOGHURT STANDARD",1,0,0,0,0
"93","M-CLAS JOG. VANILLE 200G",2017,"2017-10-09","2017-10-15",10,41,3856,"KLASSISCHE JOGHURT","JOGHURT STANDARD",0,0,0,0,0
"94","M-CLAS JOG. VANILLE 200G",2017,"2017-10-16","2017-10-22",10,42,4561,"KLASSISCHE JOGHURT","JOGHURT STANDARD",0,0,0,0,0
"95","M-CLAS JOG. VANILLE 200G",2017,"2017-10-23","2017-10-29",10,43,4538,"KLASSISCHE JOGHURT","JOGHURT STANDARD",0,0,0,0,0
"96","M-CLAS JOG. VANILLE 200G",2017,"2017-10-30","2017-11-05",11,44,4630,"KLASSISCHE JOGHURT","JOGHURT STANDARD",0,0,0,0,0
"97","M-CLAS JOG. VANILLE 200G",2017,"2017-11-06","2017-11-12",11,45,4548,"KLASSISCHE JOGHURT","JOGHURT STANDARD",1,0,0,0,0
"98","M-CLAS JOG. VANILLE 200G",2017,"2017-11-13","2017-11-19",11,46,4325,"KLASSISCHE JOGHURT","JOGHURT STANDARD",1,0,0,0,0
"99","M-CLAS JOG. VANILLE 200G",2017,"2017-11-20","2017-11-26",11,47,3170,"KLASSISCHE JOGHURT","JOGHURT STANDARD",0,0,0,0,0
"100","M-CLAS JOG. VANILLE 200G",2017,"2017-11-27","2017-12-03",11,48,3708,"KLASSISCHE JOGHURT","JOGHURT STANDARD",0,0,0,0,0
"101","M-CLAS JOG. VANILLE 200G",2017,"2017-12-04","2017-12-10",12,49,3527,"KLASSISCHE JOGHURT","JOGHURT STANDARD",0,0,0,0,0
"102","M-CLAS JOG. VANILLE 200G",2017,"2017-12-11","2017-12-17",12,50,4216,"KLASSISCHE JOGHURT","JOGHURT STANDARD",0,0,0,0,0
"103","M-CLAS JOG. VANILLE 200G",2017,"2017-12-18","2017-12-24",12,51,4620,"KLASSISCHE JOGHURT","JOGHURT STANDARD",0,0,0,0,0
"104","M-CLAS JOG. VANILLE 200G",2017,"2017-12-25","2017-12-31",12,52,2274,"KLASSISCHE JOGHURT","JOGHURT STANDARD",0,0,0,0,0
"105","M-CLAS JOG. VANILLE 200G",2018,"2018-01-01","2018-01-07",1,1,3175,"KLASSISCHE JOGHURT","JOGHURT STANDARD",0,0,0,0,0
"106","M-CLAS JOG. VANILLE 200G",2018,"2018-01-08","2018-01-14",1,2,4272,"KLASSISCHE JOGHURT","JOGHURT STANDARD",0,0,0,0,0
"107","M-CLAS JOG. VANILLE 200G",2018,"2018-01-15","2018-01-21",1,3,4594,"KLASSISCHE JOGHURT","JOGHURT STANDARD",0,0,0,0,0
"108","M-CLAS JOG. VANILLE 200G",2018,"2018-01-22","2018-01-28",1,4,4744,"KLASSISCHE JOGHURT","JOGHURT STANDARD",0,0,0,0,0
"109","M-CLAS JOG. VANILLE 200G",2018,"2018-01-29","2018-02-04",2,5,3101,"KLASSISCHE JOGHURT","JOGHURT STANDARD",0,0,0,0,0
"110","M-CLAS JOG. VANILLE 200G",2018,"2018-02-05","2018-02-11",2,6,3430,"KLASSISCHE JOGHURT","JOGHURT STANDARD",0,0,0,0,0
"111","M-CLAS JOG. VANILLE 200G",2018,"2018-02-12","2018-02-18",2,7,4183,"KLASSISCHE JOGHURT","JOGHURT STANDARD",0,0,0,0,0
"112","M-CLAS JOG. VANILLE 200G",2018,"2018-02-19","2018-02-25",2,8,4681,"KLASSISCHE JOGHURT","JOGHURT STANDARD",0,0,0,0,0
"113","M-CLAS JOG. VANILLE 200G",2018,"2018-02-26","2018-03-04",3,9,4413,"KLASSISCHE JOGHURT","JOGHURT STANDARD",0,0,0,0,0
"114","M-CLAS JOG. VANILLE 200G",2018,"2018-03-05","2018-03-11",3,10,4802,"KLASSISCHE JOGHURT","JOGHURT STANDARD",0,0,0,0,0
"115","M-CLAS JOG. VANILLE 200G",2018,"2018-03-12","2018-03-18",3,11,4703,"KLASSISCHE JOGHURT","JOGHURT STANDARD",0,0,0,0,0
"116","M-CLAS JOG. VANILLE 200G",2018,"2018-03-19","2018-03-25",3,12,3531,"KLASSISCHE JOGHURT","JOGHURT STANDARD",1,0,0,0,0
"117","M-CLAS JOG. VANILLE 200G",2018,"2018-03-26","2018-04-01",3,13,3941,"KLASSISCHE JOGHURT","JOGHURT STANDARD",0,0,0,0,0
"118","M-CLAS JOG. VANILLE 200G",2018,"2018-04-02","2018-04-08",4,14,3517,"KLASSISCHE JOGHURT","JOGHURT STANDARD",0,0,0,0,0
"119","M-CLAS JOG. VANILLE 200G",2018,"2018-04-09","2018-04-15",4,15,4383,"KLASSISCHE JOGHURT","JOGHURT STANDARD",0,0,0,0,0
"120","M-CLAS JOG. VANILLE 200G",2018,"2018-04-16","2018-04-22",4,16,4569,"KLASSISCHE JOGHURT","JOGHURT STANDARD",0,0,0,0,0
"121","M-CLAS JOG. VANILLE 200G",2018,"2018-04-23","2018-04-29",4,17,4520,"KLASSISCHE JOGHURT","JOGHURT STANDARD",0,0,0,0,0
"122","M-CLAS JOG. VANILLE 200G",2018,"2018-04-30","2018-05-06",5,18,4647,"KLASSISCHE JOGHURT","JOGHURT STANDARD",0,0,0,0,0
"123","M-CLAS JOG. VANILLE 200G",2018,"2018-05-07","2018-05-13",5,19,3494,"KLASSISCHE JOGHURT","JOGHURT STANDARD",0,0,0,0,0
"124","M-CLAS JOG. VANILLE 200G",2018,"2018-05-14","2018-05-20",5,20,4125,"KLASSISCHE JOGHURT","JOGHURT STANDARD",0,0,0,0,0
"125","M-CLAS JOG. VANILLE 200G",2018,"2018-05-21","2018-05-27",5,21,4219,"KLASSISCHE JOGHURT","JOGHURT STANDARD",0,0,0,0,0
"126","M-CLAS JOG. VANILLE 200G",2018,"2018-05-28","2018-06-03",5,22,4264,"KLASSISCHE JOGHURT","JOGHURT STANDARD",0,0,0,0,0
"127","M-CLAS JOG. VANILLE 200G",2018,"2018-06-04","2018-06-10",6,23,4670,"KLASSISCHE JOGHURT","JOGHURT STANDARD",1,0,0,0,0
"128","M-CLAS JOG. VANILLE 200G",2018,"2018-06-11","2018-06-17",6,24,4447,"KLASSISCHE JOGHURT","JOGHURT STANDARD",0,0,0,0,0
"129","M-CLAS JOG. VANILLE 200G",2018,"2018-06-18","2018-06-24",6,25,3081,"KLASSISCHE JOGHURT","JOGHURT STANDARD",1,0,0,0,0
"130","M-CLAS JOG. VANILLE 200G",2018,"2018-06-25","2018-07-01",6,26,3348,"KLASSISCHE JOGHURT","JOGHURT STANDARD",1,0,0,0,0
"131","M-CLAS JOG. VANILLE 200G",2018,"2018-07-02","2018-07-08",7,27,3928,"KLASSISCHE JOGHURT","JOGHURT STANDARD",0,0,0,0,0
"132","M-CLAS JOG. VANILLE 200G",2018,"2018-07-09","2018-07-15",7,28,3661,"KLASSISCHE JOGHURT","JOGHURT STANDARD",0,0,0,0,0
"133","M-CLAS JOG. VANILLE 200G",2018,"2018-07-16","2018-07-22",7,29,3940,"KLASSISCHE JOGHURT","JOGHURT STANDARD",0,0,0,0,0
"134","M-CLAS JOG. VANILLE 200G",2018,"2018-07-23","2018-07-29",7,30,3841,"KLASSISCHE JOGHURT","JOGHURT STANDARD",0,0,0,0,0
"135","M-CLAS JOG. VANILLE 200G",2018,"2018-07-30","2018-08-05",8,31,3063,"KLASSISCHE JOGHURT","JOGHURT STANDARD",0,0,0,0,0
"136","M-CLAS JOG. VANILLE 200G",2018,"2018-08-06","2018-08-12",8,32,3514,"KLASSISCHE JOGHURT","JOGHURT STANDARD",0,0,0,0,0
"137","M-CLAS JOG. VANILLE 200G",2018,"2018-08-13","2018-08-19",8,33,4266,"KLASSISCHE JOGHURT","JOGHURT STANDARD",0,0,0,0,0
"138","M-CLAS JOG. VANILLE 200G",2018,"2018-08-20","2018-08-26",8,34,4631,"KLASSISCHE JOGHURT","JOGHURT STANDARD",0,0,0,0,0
"139","M-CLAS JOG. VANILLE 200G",2018,"2018-08-27","2018-09-02",8,35,4330,"KLASSISCHE JOGHURT","JOGHURT STANDARD",0,0,0,0,0
"140","M-CLAS JOG. VANILLE 200G",2018,"2018-09-03","2018-09-09",9,36,4223,"KLASSISCHE JOGHURT","JOGHURT STANDARD",0,0,0,0,0
"141","M-CLAS JOG. VANILLE 200G",2018,"2018-09-10","2018-09-16",9,37,4396,"KLASSISCHE JOGHURT","JOGHURT STANDARD",0,0,0,0,0
"142","M-CLAS JOG. VANILLE 200G",2018,"2018-09-17","2018-09-23",9,38,2960,"KLASSISCHE JOGHURT","JOGHURT STANDARD",0,0,0,0,0
"143","M-CLAS JOG. VANILLE 200G",2018,"2018-09-24","2018-09-30",9,39,3240,"KLASSISCHE JOGHURT","JOGHURT STANDARD",0,0,0,0,0
"144","M-CLAS JOG. VANILLE 200G",2018,"2018-10-01","2018-10-07",10,40,3445,"KLASSISCHE JOGHURT","JOGHURT STANDARD",0,0,0,0,0
"145","M-CLAS JOG. VANILLE 200G",2018,"2018-10-08","2018-10-14",10,41,3677,"KLASSISCHE JOGHURT","JOGHURT STANDARD",0,0,0,0,0
"146","M-CLAS JOG. VANILLE 200G",2018,"2018-10-15","2018-10-21",10,42,4338,"KLASSISCHE JOGHURT","JOGHURT STANDARD",0,0,0,0,0
"147","M-CLAS JOG. VANILLE 200G",2018,"2018-10-22","2018-10-28",10,43,4481,"KLASSISCHE JOGHURT","JOGHURT STANDARD",1,0,0,0,0
"148","M-CLAS JOG. VANILLE 200G",2018,"2018-10-29","2018-11-04",11,44,4205,"KLASSISCHE JOGHURT","JOGHURT STANDARD",0,0,0,0,0
"149","M-CLAS JOG. VANILLE 200G",2018,"2018-11-05","2018-11-11",11,45,4448,"KLASSISCHE JOGHURT","JOGHURT STANDARD",0,0,0,0,0
"150","M-CLAS JOG. VANILLE 200G",2018,"2018-11-12","2018-11-18",11,46,3955,"KLASSISCHE JOGHURT","JOGHURT STANDARD",0,0,0,0,0
"151","M-CLAS JOG. VANILLE 200G",2018,"2018-11-19","2018-11-25",11,47,3888,"KLASSISCHE JOGHURT","JOGHURT STANDARD",1,0,0,0,0
"152","M-CLAS JOG. VANILLE 200G",2018,"2018-11-26","2018-12-02",11,48,4219,"KLASSISCHE JOGHURT","JOGHURT STANDARD",0,0,0,0,0
"153","M-CLAS JOG. VANILLE 200G",2018,"2018-12-03","2018-12-09",12,49,4037,"KLASSISCHE JOGHURT","JOGHURT STANDARD",0,0,0,0,0
"154","M-CLAS JOG. VANILLE 200G",2018,"2018-12-10","2018-12-16",12,50,4084,"KLASSISCHE JOGHURT","JOGHURT STANDARD",0,0,0,0,0
"155","M-CLAS JOG. VANILLE 200G",2018,"2018-12-17","2018-12-23",12,51,4394,"KLASSISCHE JOGHURT","JOGHURT STANDARD",0,0,1,0,0
"156","M-CLAS JOG. VANILLE 200G",2018,"2018-12-24","2018-12-30",12,52,2075,"KLASSISCHE JOGHURT","JOGHURT STANDARD",0,0,0,0,0
"157","M-CLAS JOG. VANILLE 200G",2019,"2018-12-31","2019-01-06",1,1,2978,"KLASSISCHE JOGHURT","JOGHURT STANDARD",0,0,0,0,0
"158","M-CLAS JOG. VANILLE 200G",2019,"2019-01-07","2019-01-13",1,2,4052,"KLASSISCHE JOGHURT","JOGHURT STANDARD",0,0,0,0,0
"159","M-CLAS JOG. VANILLE 200G",2019,"2019-01-14","2019-01-20",1,3,4193,"KLASSISCHE JOGHURT","JOGHURT STANDARD",0,0,0,0,0
"160","M-CLAS JOG. VANILLE 200G",2019,"2019-01-21","2019-01-27",1,4,4165,"KLASSISCHE JOGHURT","JOGHURT STANDARD",0,0,0,0,0
"161","M-CLAS JOG. VANILLE 200G",2019,"2019-01-28","2019-02-03",1,5,3818,"KLASSISCHE JOGHURT","JOGHURT STANDARD",0,0,0,0,0
"162","M-CLAS JOG. VANILLE 200G",2019,"2019-02-04","2019-02-10",2,6,3851,"KLASSISCHE JOGHURT","JOGHURT STANDARD",0,0,0,0,0
"163","M-CLAS JOG. VANILLE 200G",2019,"2019-02-11","2019-02-17",2,7,3758,"KLASSISCHE JOGHURT","JOGHURT STANDARD",0,0,0,0,0
"164","M-CLAS JOG. VANILLE 200G",2019,"2019-02-18","2019-02-24",2,8,4242,"KLASSISCHE JOGHURT","JOGHURT STANDARD",0,0,0,0,0
"165","M-CLAS JOG. VANILLE 200G",2019,"2019-02-25","2019-03-03",2,9,4113,"KLASSISCHE JOGHURT","JOGHURT STANDARD",0,0,0,0,0
"166","M-CLAS JOG. VANILLE 200G",2019,"2019-03-04","2019-03-10",3,10,4424,"KLASSISCHE JOGHURT","JOGHURT STANDARD",0,0,0,0,0
"167","M-CLAS JOG. VANILLE 200G",2019,"2019-03-11","2019-03-17",3,11,4294,"KLASSISCHE JOGHURT","JOGHURT STANDARD",0,0,0,0,0
"168","M-CLAS JOG. VANILLE 200G",2019,"2019-03-18","2019-03-24",3,12,5150,"KLASSISCHE JOGHURT","JOGHURT STANDARD",1,0,0,0,0
"169","M-CLAS JOG. VANILLE 200G",2019,"2019-03-25","2019-03-31",3,13,4901,"KLASSISCHE JOGHURT","JOGHURT STANDARD",0,0,0,0,0
"170","M-CLAS JOG. VANILLE 200G",2019,"2019-04-01","2019-04-07",4,14,4616,"KLASSISCHE JOGHURT","JOGHURT STANDARD",0,0,0,0,0
"171","M-CLAS JOG. VANILLE 200G",2019,"2019-04-08","2019-04-14",4,15,4477,"KLASSISCHE JOGHURT","JOGHURT STANDARD",0,0,0,0,0
"172","M-CLAS JOG. VANILLE 200G",2019,"2019-04-15","2019-04-21",4,16,4154,"KLASSISCHE JOGHURT","JOGHURT STANDARD",0,0,0,0,0
"173","M-CLAS JOG. VANILLE 200G",2019,"2019-04-22","2019-04-28",4,17,3825,"KLASSISCHE JOGHURT","JOGHURT STANDARD",0,0,0,0,0
"174","M-CLAS JOG. VANILLE 200G",2019,"2019-04-29","2019-05-05",5,18,4245,"KLASSISCHE JOGHURT","JOGHURT STANDARD",0,0,0,0,0
"175","M-CLAS JOG. VANILLE 200G",2019,"2019-05-06","2019-05-12",5,19,4063,"KLASSISCHE JOGHURT","JOGHURT STANDARD",0,0,0,0,0
"176","M-CLAS JOG. VANILLE 200G",2019,"2019-05-13","2019-05-19",5,20,4126,"KLASSISCHE JOGHURT","JOGHURT STANDARD",0,0,0,0,0
"177","M-CLAS JOG. VANILLE 200G",2019,"2019-05-20","2019-05-26",5,21,4300,"KLASSISCHE JOGHURT","JOGHURT STANDARD",0,0,0,0,0
"178","M-CLAS JOG. VANILLE 200G",2019,"2019-05-27","2019-06-02",5,22,4040,"KLASSISCHE JOGHURT","JOGHURT STANDARD",0,0,0,0,0
"179","M-CLAS JOG. VANILLE 200G",2019,"2019-06-03","2019-06-09",6,23,4767,"KLASSISCHE JOGHURT","JOGHURT STANDARD",0,0,0,0,0
"180","M-CLAS JOG. VANILLE 200G",2019,"2019-06-10","2019-06-16",6,24,3831,"KLASSISCHE JOGHURT","JOGHURT STANDARD",0,0,0,0,0
"181","M-CLAS JOG. VANILLE 200G",2019,"2019-06-17","2019-06-23",6,25,3924,"KLASSISCHE JOGHURT","JOGHURT STANDARD",0,0,0,0,0
"182","M-CLAS JOG. VANILLE 200G",2019,"2019-06-24","2019-06-30",6,26,3635,"KLASSISCHE JOGHURT","JOGHURT STANDARD",0,0,0,0,0
"183","M-CLAS JOG. VANILLE 200G",2019,"2019-07-01","2019-07-07",7,27,4002,"KLASSISCHE JOGHURT","JOGHURT STANDARD",0,0,0,0,0
"184","M-CLAS JOG. VANILLE 200G",2019,"2019-07-08","2019-07-14",7,28,4010,"KLASSISCHE JOGHURT","JOGHURT STANDARD",0,0,0,0,0
"185","M-CLAS JOG. VANILLE 200G",2019,"2019-07-15","2019-07-21",7,29,3722,"KLASSISCHE JOGHURT","JOGHURT STANDARD",0,0,0,0,0
"186","M-CLAS JOG. VANILLE 200G",2019,"2019-07-22","2019-07-28",7,30,3893,"KLASSISCHE JOGHURT","JOGHURT STANDARD",0,0,0,0,0
"187","M-CLAS JOG. VANILLE 200G",2019,"2019-07-29","2019-08-04",8,31,3738,"KLASSISCHE JOGHURT","JOGHURT STANDARD",0,0,0,0,0
"188","M-CLAS JOG. VANILLE 200G",2019,"2019-08-05","2019-08-11",8,32,4440,"KLASSISCHE JOGHURT","JOGHURT STANDARD",0,0,0,0,0
"189","M-CLAS JOG. VANILLE 200G",2019,"2019-08-12","2019-08-18",8,33,4408,"KLASSISCHE JOGHURT","JOGHURT STANDARD",0,0,0,0,0
"190","M-CLAS JOG. VANILLE 200G",2019,"2019-08-19","2019-08-25",8,34,4767,"KLASSISCHE JOGHURT","JOGHURT STANDARD",0,0,0,0,0
"191","M-CLAS JOG. VANILLE 200G",2019,"2019-08-26","2019-09-01",8,35,4816,"KLASSISCHE JOGHURT","JOGHURT STANDARD",1,0,1,0,0
"192","M-CLAS JOG. VANILLE 200G",2019,"2019-09-02","2019-09-08",9,36,4275,"KLASSISCHE JOGHURT","JOGHURT STANDARD",0,0,0,0,0
"193","M-CLAS JOG. VANILLE 200G",2019,"2019-09-09","2019-09-15",9,37,4240,"KLASSISCHE JOGHURT","JOGHURT STANDARD",0,0,0,0,0
"194","M-CLAS JOG. VANILLE 200G",2019,"2019-09-16","2019-09-22",9,38,3868,"KLASSISCHE JOGHURT","JOGHURT STANDARD",0,0,0,0,0
"195","M-CLAS JOG. VANILLE 200G",2019,"2019-09-23","2019-09-29",9,39,4038,"KLASSISCHE JOGHURT","JOGHURT STANDARD",0,0,0,0,0
"196","M-CLAS JOG. VANILLE 200G",2019,"2019-09-30","2019-10-06",10,40,4160,"KLASSISCHE JOGHURT","JOGHURT STANDARD",0,0,0,0,0
"197","M-CLAS JOG. VANILLE 200G",2019,"2019-10-07","2019-10-13",10,41,3992,"KLASSISCHE JOGHURT","JOGHURT STANDARD",0,0,0,0,0
"198","M-CLAS JOG. VANILLE 200G",2019,"2019-10-14","2019-10-20",10,42,4666,"KLASSISCHE JOGHURT","JOGHURT STANDARD",0,0,0,0,0
"199","M-CLAS JOG. VANILLE 200G",2019,"2019-10-21","2019-10-27",10,43,3907,"KLASSISCHE JOGHURT","JOGHURT STANDARD",0,0,0,0,0
"200","M-CLAS JOG. VANILLE 200G",2019,"2019-10-28","2019-11-03",10,44,4073,"KLASSISCHE JOGHURT","JOGHURT STANDARD",0,0,0,0,0
"201","M-CLAS JOG. VANILLE 200G",2019,"2019-11-04","2019-11-10",11,45,4477,"KLASSISCHE JOGHURT","JOGHURT STANDARD",0,0,0,0,0
"202","M-CLAS JOG. VANILLE 200G",2019,"2019-11-11","2019-11-17",11,46,4422,"KLASSISCHE JOGHURT","JOGHURT STANDARD",0,0,0,0,0
"203","M-CLAS JOG. VANILLE 200G",2019,"2019-11-18","2019-11-24",11,47,4440,"KLASSISCHE JOGHURT","JOGHURT STANDARD",0,0,0,0,0
"204","M-CLAS JOG. VANILLE 200G",2019,"2019-11-25","2019-12-01",11,48,4726,"KLASSISCHE JOGHURT","JOGHURT STANDARD",0,0,0,0,0
"205","M-CLAS JOG. VANILLE 200G",2019,"2019-12-02","2019-12-08",12,49,3597,"KLASSISCHE JOGHURT","JOGHURT STANDARD",0,0,0,0,0
"206","M-CLAS JOG. VANILLE 200G",2019,"2019-12-09","2019-12-15",12,50,3534,"KLASSISCHE JOGHURT","JOGHURT STANDARD",0,0,0,0,0
"207","M-CLAS JOG. VANILLE 200G",2019,"2019-12-16","2019-12-22",12,51,4080,"KLASSISCHE JOGHURT","JOGHURT STANDARD",0,0,0,0,0
"208","M-CLAS JOG. VANILLE 200G",2019,"2019-12-23","2019-12-29",12,52,2916,"KLASSISCHE JOGHURT","JOGHURT STANDARD",0,0,0,0,0
"209","M-CLAS JOG. VANILLE 200G",2020,"2019-12-30","2020-01-05",1,1,3673,"KLASSISCHE JOGHURT","JOGHURT STANDARD",0,0,0,0,0
"210","M-CLAS JOG. VANILLE 200G",2020,"2020-01-06","2020-01-12",1,2,4419,"KLASSISCHE JOGHURT","JOGHURT STANDARD",0,0,0,0,0
"211","M-CLAS JOG. VANILLE 200G",2020,"2020-01-13","2020-01-19",1,3,4452,"KLASSISCHE JOGHURT","JOGHURT STANDARD",0,0,0,0,0
"212","M-CLAS JOG. VANILLE 200G",2020,"2020-01-20","2020-01-26",1,4,4601,"KLASSISCHE JOGHURT","JOGHURT STANDARD",0,0,0,0,0
"213","M-CLAS JOG. VANILLE 200G",2020,"2020-01-27","2020-02-02",1,5,4652,"KLASSISCHE JOGHURT","JOGHURT STANDARD",0,0,0,0,0
"214","M-CLAS JOG. VANILLE 200G",2020,"2020-02-03","2020-02-09",2,6,4529,"KLASSISCHE JOGHURT","JOGHURT STANDARD",0,0,0,0,0
"215","M-CLAS JOG. VANILLE 200G",2020,"2020-02-10","2020-02-16",2,7,4326,"KLASSISCHE JOGHURT","JOGHURT STANDARD",0,0,0,0,0
"216","M-CLAS JOG. VANILLE 200G",2020,"2020-02-17","2020-02-23",2,8,3723,"KLASSISCHE JOGHURT","JOGHURT STANDARD",0,0,0,0,0
"217","M-CLAS JOG. VANILLE 200G",2020,"2020-02-24","2020-03-01",2,9,4754,"KLASSISCHE JOGHURT","JOGHURT STANDARD",0,0,0,0,0
"218","M-CLAS JOG. VANILLE 200G",2020,"2020-03-02","2020-03-08",3,10,4773,"KLASSISCHE JOGHURT","JOGHURT STANDARD",0,0,0,0,0
"219","M-CLAS JOG. VANILLE 200G",2020,"2020-03-09","2020-03-15",3,11,5584,"KLASSISCHE JOGHURT","JOGHURT STANDARD",0,0,0,0,0
"220","M-CLAS JOG. VANILLE 200G",2020,"2020-03-16","2020-03-22",3,12,5223,"KLASSISCHE JOGHURT","JOGHURT STANDARD",0,0,0,0,0
"221","M-CLAS JOG. VANILLE 200G",2020,"2020-03-23","2020-03-29",3,13,4477,"KLASSISCHE JOGHURT","JOGHURT STANDARD",0,0,0,0,0
"222","M-CLAS JOG. VANILLE 200G",2020,"2020-03-30","2020-04-05",4,14,4976,"KLASSISCHE JOGHURT","JOGHURT STANDARD",0,0,0,0,0
"223","M-CLAS JOG. VANILLE 200G",2020,"2020-04-06","2020-04-12",4,15,5145,"KLASSISCHE JOGHURT","JOGHURT STANDARD",0,0,0,0,0
"224","M-CLAS JOG. VANILLE 200G",2020,"2020-04-13","2020-04-19",4,16,4844,"KLASSISCHE JOGHURT","JOGHURT STANDARD",0,0,0,0,0
"225","M-CLAS JOG. VANILLE 200G",2020,"2020-04-20","2020-04-26",4,17,5322,"KLASSISCHE JOGHURT","JOGHURT STANDARD",0,0,0,0,0
"226","M-CLAS JOG. VANILLE 200G",2020,"2020-04-27","2020-05-03",4,18,5415,"KLASSISCHE JOGHURT","JOGHURT STANDARD",0,0,0,0,0
"227","M-CLAS JOG. VANILLE 200G",2020,"2020-05-04","2020-05-10",5,19,5258,"KLASSISCHE JOGHURT","JOGHURT STANDARD",0,0,0,0,0
"228","M-CLAS JOG. VANILLE 200G",2020,"2020-05-11","2020-05-17",5,20,4886,"KLASSISCHE JOGHURT","JOGHURT STANDARD",0,0,0,0,0
"229","M-CLAS JOG. VANILLE 200G",2020,"2020-05-18","2020-05-24",5,21,4329,"KLASSISCHE JOGHURT","JOGHURT STANDARD",0,0,0,0,0
"230","M-CLAS JOG. VANILLE 200G",2020,"2020-05-25","2020-05-31",5,22,5180,"KLASSISCHE JOGHURT","JOGHURT STANDARD",0,0,0,0,0
"231","M-CLAS JOG. VANILLE 200G",2020,"2020-06-01","2020-06-07",6,23,4615,"KLASSISCHE JOGHURT","JOGHURT STANDARD",0,0,0,0,0
"232","M-CLAS JOG. VANILLE 200G",2020,"2020-06-08","2020-06-14",6,24,4865,"KLASSISCHE JOGHURT","JOGHURT STANDARD",1,0,0,0,0
"233","M-CLAS JOG. VANILLE 200G",2020,"2020-06-15","2020-06-21",6,25,4543,"KLASSISCHE JOGHURT","JOGHURT STANDARD",0,0,0,0,0
"234","M-CLAS JOG. VANILLE 200G",2020,"2020-06-22","2020-06-28",6,26,4182,"KLASSISCHE JOGHURT","JOGHURT STANDARD",0,0,0,0,0
"235","M-CLAS JOG. VANILLE 200G",2020,"2020-06-29","2020-07-05",7,27,4365,"KLASSISCHE JOGHURT","JOGHURT STANDARD",0,0,0,0,0
"236","M-CLAS JOG. VANILLE 200G",2020,"2020-07-06","2020-07-12",7,28,4069,"KLASSISCHE JOGHURT","JOGHURT STANDARD",0,0,0,0,0
"237","M-CLAS JOG. VANILLE 200G",2020,"2020-07-13","2020-07-19",7,29,3915,"KLASSISCHE JOGHURT","JOGHURT STANDARD",0,0,0,0,0
"238","M-CLAS JOG. VANILLE 200G",2020,"2020-07-20","2020-07-26",7,30,3298,"KLASSISCHE JOGHURT","JOGHURT STANDARD",0,0,0,0,0
"239","M-CLAS JOG. VANILLE 200G",2020,"2020-07-27","2020-08-02",7,31,3282,"KLASSISCHE JOGHURT","JOGHURT STANDARD",0,0,0,0,0
"240","M-CLAS JOG. VANILLE 200G",2020,"2020-08-03","2020-08-09",8,32,4407,"KLASSISCHE JOGHURT","JOGHURT STANDARD",0,0,0,0,0
"241","M-CLAS JOG. VANILLE 200G",2020,"2020-08-10","2020-08-16",8,33,4131,"KLASSISCHE JOGHURT","JOGHURT STANDARD",0,0,0,0,0
"242","M-CLAS JOG. VANILLE 200G",2020,"2020-08-17","2020-08-23",8,34,4768,"KLASSISCHE JOGHURT","JOGHURT STANDARD",0,0,0,0,0
"243","M-CLAS JOG. VANILLE 200G",2020,"2020-08-24","2020-08-30",8,35,4544,"KLASSISCHE JOGHURT","JOGHURT STANDARD",0,0,0,0,0
"244","M-CLAS JOG. VANILLE 200G",2020,"2020-08-31","2020-09-06",9,36,4289,"KLASSISCHE JOGHURT","JOGHURT STANDARD",0,0,0,0,0
"245","M-CLAS JOG. VANILLE 200G",2020,"2020-09-07","2020-09-13",9,37,4286,"KLASSISCHE JOGHURT","JOGHURT STANDARD",0,0,0,0,0
"246","M-CLAS JOG. VANILLE 200G",2020,"2020-09-14","2020-09-20",9,38,4128,"KLASSISCHE JOGHURT","JOGHURT STANDARD",0,0,0,0,0
"247","M-CLAS JOG. VANILLE 200G",2020,"2020-09-21","2020-09-27",9,39,4496,"KLASSISCHE JOGHURT","JOGHURT STANDARD",0,0,0,0,0
"248","M-CLAS JOG. VANILLE 200G",2020,"2020-09-28","2020-10-04",10,40,4012,"KLASSISCHE JOGHURT","JOGHURT STANDARD",0,0,0,0,0
"249","M-CLAS JOG. VANILLE 200G",2020,"2020-10-05","2020-10-11",10,41,3665,"KLASSISCHE JOGHURT","JOGHURT STANDARD",0,0,0,0,0
"250","M-CLAS JOG. VANILLE 200G",2020,"2020-10-12","2020-10-18",10,42,4151,"KLASSISCHE JOGHURT","JOGHURT STANDARD",0,0,0,0,0
"251","M-CLAS JOG. VANILLE 200G",2020,"2020-10-19","2020-10-25",10,43,4372,"KLASSISCHE JOGHURT","JOGHURT STANDARD",0,0,0,0,0
"252","M-CLAS JOG. VANILLE 200G",2020,"2020-10-26","2020-11-01",10,44,4566,"KLASSISCHE JOGHURT","JOGHURT STANDARD",0,0,0,0,0
"253","M-CLAS JOG. VANILLE 200G",2020,"2020-11-02","2020-11-08",11,45,4732,"KLASSISCHE JOGHURT","JOGHURT STANDARD",0,0,0,0,0
"254","M-CLAS JOG. VANILLE 200G",2020,"2020-11-09","2020-11-15",11,46,4505,"KLASSISCHE JOGHURT","JOGHURT STANDARD",0,0,0,0,0
"255","M-CLAS JOG. VANILLE 200G",2020,"2020-11-16","2020-11-22",11,47,4729,"KLASSISCHE JOGHURT","JOGHURT STANDARD",0,0,0,0,0
"256","M-CLAS JOG. VANILLE 200G",2020,"2020-11-23","2020-11-29",11,48,4510,"KLASSISCHE JOGHURT","JOGHURT STANDARD",0,0,0,0,0
"257","M-CLAS JOG. VANILLE 200G",2020,"2020-11-30","2020-12-06",12,49,5368,"KLASSISCHE JOGHURT","JOGHURT STANDARD",1,0,1,0,0
"258","M-CLAS JOG. VANILLE 200G",2020,"2020-12-07","2020-12-13",12,50,3921,"KLASSISCHE JOGHURT","JOGHURT STANDARD",0,0,0,0,0
"259","M-CLAS JOG. VANILLE 200G",2020,"2020-12-14","2020-12-20",12,51,4193,"KLASSISCHE JOGHURT","JOGHURT STANDARD",0,0,0,0,0
"260","M-CLAS JOG. VANILLE 200G",2020,"2020-12-21","2020-12-27",12,52,3416,"KLASSISCHE JOGHURT","JOGHURT STANDARD",0,0,0,0,0
"261","M-CLAS JOG. VANILLE 200G",2020,"2020-12-28","2021-01-03",12,53,3848,"KLASSISCHE JOGHURT","JOGHURT STANDARD",0,0,0,0,0
"262","M-CLAS JOG. VANILLE 200G",2021,"2021-01-04","2021-01-10",1,1,4911,"KLASSISCHE JOGHURT","JOGHURT STANDARD",0,0,0,0,0
"263","M-CLAS JOG. VANILLE 200G",2021,"2021-01-11","2021-01-17",1,2,4879,"KLASSISCHE JOGHURT","JOGHURT STANDARD",0,0,0,0,0
"264","M-CLAS JOG. VANILLE 200G",2021,"2021-01-18","2021-01-24",1,3,4131,"KLASSISCHE JOGHURT","JOGHURT STANDARD",0,0,0,0,0
"265","M-CLAS JOG. VANILLE 200G",2021,"2021-01-25","2021-01-31",1,4,4513,"KLASSISCHE JOGHURT","JOGHURT STANDARD",0,0,0,0,0
"266","M-CLAS JOG. VANILLE 200G",2021,"2021-02-01","2021-02-07",2,5,4562,"KLASSISCHE JOGHURT","JOGHURT STANDARD",0,0,0,0,0
"267","M-CLAS JOG. VANILLE 200G",2021,"2021-02-08","2021-02-14",2,6,4568,"KLASSISCHE JOGHURT","JOGHURT STANDARD",0,0,0,0,0
"268","M-CLAS JOG. VANILLE 200G",2021,"2021-02-15","2021-02-21",2,7,4412,"KLASSISCHE JOGHURT","JOGHURT STANDARD",0,0,0,0,0
"269","M-CLAS JOG. VANILLE 200G",2021,"2021-02-22","2021-02-28",2,8,4946,"KLASSISCHE JOGHURT","JOGHURT STANDARD",0,0,0,0,0
"270","M-CLAS JOG. VANILLE 200G",2021,"2021-03-01","2021-03-07",3,9,5127,"KLASSISCHE JOGHURT","JOGHURT STANDARD",0,0,0,0,0
"271","M-CLAS JOG. VANILLE 200G",2021,"2021-03-08","2021-03-14",3,10,5177,"KLASSISCHE JOGHURT","JOGHURT STANDARD",0,0,0,0,0
"272","M-CLAS JOG. VANILLE 200G",2021,"2021-03-15","2021-03-21",3,11,5258,"KLASSISCHE JOGHURT","JOGHURT STANDARD",0,0,0,0,0
"273","M-CLAS JOG. VANILLE 200G",2021,"2021-03-22","2021-03-28",3,12,5524,"KLASSISCHE JOGHURT","JOGHURT STANDARD",0,0,0,0,0
"274","M-CLAS JOG. VANILLE 200G",2021,"2021-03-29","2021-04-04",4,13,4939,"KLASSISCHE JOGHURT","JOGHURT STANDARD",0,0,0,0,0
"275","M-CLAS JOG. VANILLE 200G",2021,"2021-04-05","2021-04-11",4,14,3805,"KLASSISCHE JOGHURT","JOGHURT STANDARD",0,0,0,0,0
"276","M-CLAS JOG. VANILLE 200G",2021,"2021-04-12","2021-04-18",4,15,4494,"KLASSISCHE JOGHURT","JOGHURT STANDARD",0,0,0,0,0
"277","M-CLAS JOG. VANILLE 200G",2021,"2021-04-19","2021-04-25",4,16,4586,"KLASSISCHE JOGHURT","JOGHURT STANDARD",0,0,0,0,0
"278","M-CLAS JOG. VANILLE 200G",2021,"2021-04-26","2021-05-02",4,17,4959,"KLASSISCHE JOGHURT","JOGHURT STANDARD",0,0,0,0,0
"279","M-CLAS JOG. VANILLE 200G",2021,"2021-05-03","2021-05-09",5,18,4631,"KLASSISCHE JOGHURT","JOGHURT STANDARD",0,0,0,0,0
"280","M-CLAS JOG. VANILLE 200G",2021,"2021-05-10","2021-05-16",5,19,4523,"KLASSISCHE JOGHURT","JOGHURT STANDARD",0,0,0,0,0
"281","M-CLAS JOG. VANILLE 200G",2021,"2021-05-17","2021-05-23",5,20,5110,"KLASSISCHE JOGHURT","JOGHURT STANDARD",0,0,0,0,0
"282","M-CLAS JOG. VANILLE 200G",2021,"2021-05-24","2021-05-30",5,21,4146,"KLASSISCHE JOGHURT","JOGHURT STANDARD",0,0,0,0,0
"283","M-CLAS JOG. VANILLE 200G",2021,"2021-05-31","2021-06-06",6,22,3964,"KLASSISCHE JOGHURT","JOGHURT STANDARD",0,0,0,0,0
"284","M-CLAS JOG. VANILLE 200G",2021,"2021-06-07","2021-06-13",6,23,4246,"KLASSISCHE JOGHURT","JOGHURT STANDARD",0,0,0,0,0
"285","M-CLAS JOG. VANILLE 200G",2021,"2021-06-14","2021-06-20",6,24,4113,"KLASSISCHE JOGHURT","JOGHURT STANDARD",0,0,0,0,0
"286","M-CLAS JOG. VANILLE 200G",2021,"2021-06-21","2021-06-27",6,25,3970,"KLASSISCHE JOGHURT","JOGHURT STANDARD",0,0,0,0,0
